<annotation>
	<folder>all_ss</folder>
	<filename>Screenshot 2024-04-19 200134.jpg</filename>
	<path>/mnt/c/Users/seren/OneDrive/Downloads/TensorFlow/workspace/training_demo/all_ss/Screenshot 2024-04-19 200134.jpg</path>
	<source>
		<database>Unknown</database>
	</source>
	<size>
		<width>1380</width>
		<height>820</height>
		<depth>3</depth>
	</size>
	<segmented>0</segmented>
	<object>
		<name>happy</name>
		<pose>Unspecified</pose>
		<truncated>0</truncated>
		<difficult>0</difficult>
		<bndbox>
			<xmin>866</xmin>
			<ymin>32</ymin>
			<xmax>940</xmax>
			<ymax>107</ymax>
		</bndbox>
	</object>
</annotation>
